ID,target
26299,1
22255,1
24149,1
28803,1
24862,1
18880,1
21340,1
27341,1
25257,0
24290,1
610,0
23734,1
10585,1
14059,1
24859,1
27952,0
9516,1
15183,0
21442,0
18223,1
6525,1
2082,1
13031,1
14042,1
23489,1
13834,1
4273,1
13458,1
25575,1
10936,1
28778,1
18261,0
28966,1
12609,1
4912,1
3556,0
12908,1
25630,1
29601,1
942,0
14066,1
6282,1
13652,1
27869,1
23613,0
28816,1
22517,0
15905,1
5270,1
18593,0
9919,1
650,1
28773,1
29814,1
27316,1
21594,1
11281,1
7421,1
15208,1
21362,0
6073,1
9069,1
19485,1
1722,1
11381,1
871,0
22389,1
29889,1
20658,1
23416,1
28740,1
8582,1
21909,1
19806,1
14808,1
21259,1
19779,0
27950,1
20433,1
6804,1
26575,1
29050,1
16041,1
18923,1
11107,1
26392,1
8242,1
4623,0
23084,0
17440,1
19525,1
13389,0
17349,0
16127,0
25625,0
28875,1
5555,1
23735,1
22307,1
1300,1
6200,1
29089,1
14356,1
11452,1
16185,1
15279,1
11638,1
9397,0
14451,1
1837,1
22424,1
22053,1
24034,1
24026,1
18960,1
2114,1
12016,1
5773,1
21239,1
27432,1
1664,1
6996,1
18224,1
7061,1
18381,0
1813,0
21773,1
9991,1
24613,0
19052,1
13768,0
25825,1
27995,1
10671,1
12077,0
1346,0
15810,1
20117,1
15289,1
23977,1
10934,1
21738,0
15665,1
26544,0
5203,1
4290,1
24729,1
29852,1
27475,1
1918,1
25778,1
6148,1
24692,0
23462,1
21902,1
16298,1
8275,1
21473,1
921,0
27330,1
3031,1
13990,1
3829,0
15781,1
5892,1
4913,0
8197,1
29062,1
5293,1
6403,1
8614,1
15226,1
3115,1
9625,1
4329,1
8504,1
14337,0
12339,1
28879,1
6042,1
19459,1
18427,1
29081,1
20907,0
12032,1
10428,1
13201,1
395,1
12921,0
17887,1
22725,0
22082,1
25057,0
14958,1
1790,1
9195,1
15370,0
6260,0
1656,1
6414,1
13525,1
19021,1
6714,0
8902,1
15725,1
664,0
15915,1
13052,1
28868,1
12786,1
22635,1
9358,0
12630,1
15214,1
22947,1
2282,1
1396,1
15445,1
2438,1
10957,1
20847,1
7912,1
3416,1
27145,1
17729,1
14431,1
16166,1
10257,1
6399,0
7407,1
10926,1
23576,1
27115,1
8053,1
6140,1
6381,1
27366,1
3366,0
26176,1
18237,1
805,0
7918,0
21212,1
19365,1
5715,1
22695,1
13214,1
29111,1
12702,0
1971,1
11419,1
5851,1
2321,1
12430,0
23598,1
94,1
29229,1
11925,0
18136,1
9380,1
18390,1
368,1
22124,1
5004,1
21185,1
1892,1
19507,0
14533,1
26266,1
17936,1
27101,1
17177,1
24400,1
20237,1
1991,0
26586,1
23173,1
24689,1
17489,1
26960,0
6862,1
17814,1
14486,0
8452,1
27415,1
4797,1
29586,1
22292,1
5322,1
14757,1
3470,1
24343,1
24787,1
1536,1
13874,1
4661,1
23587,0
1272,1
5135,1
29751,1
12478,1
18908,1
23667,1
611,1
17538,1
16160,1
25093,1
4984,1
20385,1
6448,1
20774,1
23672,1
16510,1
19349,1
21154,1
4731,1
27781,1
11943,1
7713,1
14495,1
20806,1
27993,1
9986,0
25913,1
18709,1
12811,1
17879,1
5344,1
6412,0
17354,1
29677,1
27698,1
25590,1
8794,1
20911,1
7052,0
6030,0
26708,1
17230,1
12344,1
29070,1
9552,1
19425,1
12305,1
2480,1
14283,1
23065,0
16630,1
12515,1
21161,1
8677,1
21494,1
6539,1
26339,1
13305,1
26965,0
25499,0
3064,1
13152,1
5817,1
18942,1
9266,1
16882,1
29373,0
27149,1
20412,1
28510,1
29624,1
26975,0
10027,1
12677,1
5995,0
15539,1
7690,1
16432,1
15938,1
19139,1
12287,1
27015,1
6823,1
27835,1
16186,1
18643,1
10610,0
13175,1
20157,1
12720,1
21990,1
26920,0
16515,0
1118,1
6634,1
14812,0
20263,0
17026,1
16962,1
27398,1
19822,0
23626,1
20475,1
6919,1
18013,0
22024,0
19838,1
28442,1
9671,0
3587,1
19569,1
26986,1
18371,1
4495,1
2014,1
20038,1
8472,1
16372,1
28441,0
22279,1
19998,1
18690,0
13996,0
17438,1
22554,1
2268,1
9650,1
19555,0
15362,1
24714,1
18202,1
24914,1
3891,1
2432,0
21634,1
10085,1
27834,1
4048,1
9953,1
25577,1
3581,1
15568,1
28002,1
20499,1
29027,1
24974,1
11552,1
4466,0
8088,1
10776,0
17885,0
679,0
12590,1
23150,1
100,1
12385,1
18017,0
23020,1
15588,1
14671,1
8525,0
1925,1
16841,1
29335,1
15662,1
9028,0
6351,1
25938,1
2218,1
19699,1
18609,0
10570,0
3703,1
27409,0
14955,1
4240,0
23808,1
21057,1
183,1
20827,0
27870,1
10365,1
13307,1
14199,1
12047,1
6542,1
5799,1
18096,1
17580,1
26369,1
29323,1
15908,1
23366,1
26287,1
10879,0
17559,1
26254,1
1378,1
25846,0
20981,1
6423,0
28821,1
18732,1
24098,1
15831,1
4762,1
10026,0
19046,1
1787,0
20796,1
25303,1
24114,1
8287,1
7827,1
6094,1
3188,1
14911,1
2872,1
18545,0
21521,1
18284,1
363,1
29730,1
22020,0
3764,1
7104,1
24749,1
1021,1
9120,1
24809,1
21514,1
20459,1
8631,1
4730,1
11193,1
5100,1
25776,0
16230,1
27617,1
14900,0
4751,0
3295,1
26759,1
23738,1
5380,1
18961,1
14117,1
17968,1
15455,1
22175,0
12631,1
21911,1
18909,1
28974,1
177,1
19051,1
24994,1
23980,0
24773,1
27840,1
8498,1
2069,1
20718,1
8078,1
20521,1
12607,1
23687,1
11003,1
20770,1
18619,0
25449,0
27385,1
21137,1
3101,1
23191,1
1215,1
10464,1
27278,1
2567,1
20541,1
10747,0
29407,1
15739,1
19505,0
3784,1
20235,0
3166,1
13823,1
26335,1
15181,1
11009,1
14153,1
29506,1
27947,0
19591,1
17752,1
2211,1
8054,0
9446,1
20432,0
706,1
12296,1
7952,1
23439,1
13640,0
29655,1
28504,1
5390,1
24203,1
1838,0
16405,1
13608,1
28406,0
6767,1
2458,1
22449,1
15980,0
15896,1
14185,1
3591,1
28763,1
23226,1
1210,1
9756,0
18551,0
7078,1
8537,1
17868,1
13488,1
21095,1
29543,0
23392,1
6311,1
24090,1
26782,1
9785,0
27976,1
23157,1
5735,1
21207,1
12566,1
8594,0
20112,1
17404,1
27420,1
9427,1
1191,1
1734,1
7358,1
11373,0
4036,1
1596,1
24421,0
8910,1
1010,1
8382,0
17876,0
2166,1
18521,1
10064,1
820,1
27526,1
19633,1
6668,1
2574,1
1583,1
9587,1
5524,0
27987,0
9250,1
13536,0
1974,0
2881,1
23749,1
28775,1
9118,1
13315,1
9541,1
17651,0
27982,1
23042,1
24434,1
830,1
25471,1
1668,1
14190,0
21674,1
27654,1
28566,0
15138,1
16617,1
4916,1
18405,0
25797,1
17204,0
11016,1
13718,0
14706,1
4131,1
1805,1
7668,1
12080,1
11171,1
19172,1
11937,1
28856,1
15393,1
11554,1
4345,0
26200,0
9668,1
24184,1
16421,1
10626,0
117,1
28790,1
27309,1
10823,0
26234,1
19844,1
20431,1
28040,1
11838,1
27464,1
3492,1
21078,1
10478,1
13274,1
23184,1
28592,1
10096,0
10510,0
684,0
11267,1
27562,1
17037,1
5166,1
19548,1
20828,1
17627,1
1381,1
9864,1
12673,1
21264,1
2071,1
16264,1
14303,1
9342,0
14210,1
955,0
2078,1
12222,1
15845,1
5532,1
22236,0
13976,1
16673,1
22550,1
16749,1
2237,1
12576,1
9839,1
21937,1
7896,1
403,1
11766,1
21170,0
21232,0
9476,1
19821,1
7306,1
22913,0
10178,1
11315,1
19307,0
8358,1
26949,1
21407,1
6202,1
25158,1
8704,1
7380,1
14359,1
1206,1
21595,1
2388,0
22428,0
6143,1
10275,1
28797,1
29102,1
25794,1
4729,1
25482,1
15813,1
16863,1
21108,1
10743,1
4767,1
2163,1
11721,1
27915,1
4395,1
740,0
8264,1
22063,0
13308,1
20078,1
11828,1
11959,0
28340,1
378,1
6653,0
16202,1
1524,0
13115,1
4899,1
12867,1
12384,1
18353,1
1711,1
22368,1
5328,1
13220,1
3507,1
9399,1
29361,1
934,1
19156,1
10945,1
13542,1
19868,1
26888,1
10106,1
23797,1
6156,1
29215,0
8782,1
27866,1
21520,1
11233,1
28560,1
24417,1
124,1
28364,0
11764,1
12532,1
18379,1
24662,1
6125,1
21386,1
26781,1
20268,1
18208,1
24294,1
20685,1
4977,1
4333,1
11748,1
13379,0
18940,1
11936,1
9537,1
9593,1
25863,1
238,0
19819,1
6464,1
12594,1
9861,1
8090,1
457,1
1209,0
8793,1
7198,0
19527,1
8345,1
1729,1
5409,1
27143,1
11426,1
9979,1
21277,1
150,1
22396,1
10321,0
10749,1
1705,1
3234,0
27352,1
18238,0
13048,1
8398,1
23505,1
25285,1
13401,1
10596,1
967,1
13540,1
24535,1
12946,1
27382,1
2200,1
5963,1
28079,1
1869,1
6450,1
14215,1
26808,1
18428,0
18664,1
5454,0
10886,0
27336,1
10462,1
4152,1
12358,1
8480,0
27418,1
18449,1
8137,1
8305,1
20572,1
15095,1
9722,1
9303,1
2145,1
18817,1
11557,1
11603,1
16005,1
4166,1
28,1
25134,1
28301,1
713,0
18893,0
12970,1
18549,1
16637,1
26134,1
19621,0
13979,1
17025,0
11081,1
7354,1
2098,1
3616,1
13036,1
6647,1
6454,1
28031,1
13708,1
16057,1
6794,1
11814,1
15957,1
9046,1
11517,0
29647,1
1542,1
1247,1
4666,1
6057,1
26109,1
18921,1
7489,1
7744,1
7482,1
11727,1
5434,1
21897,1
9077,1
28015,1
12124,1
17074,1
3488,1
6063,1
10452,1
21081,0
19492,1
14783,1
20626,1
8421,1
28538,1
15158,1
26729,1
11769,1
28774,1
15988,0
19546,1
8133,1
27696,1
20188,1
3569,1
15546,1
11113,1
18377,1
4673,1
29582,1
29585,1
21053,1
8063,0
28195,1
2860,1
17054,1
23949,1
1846,1
29420,1
12731,1
22335,1
27007,1
6588,1
11810,1
6180,1
7170,0
29765,1
26896,1
17382,1
6516,1
2483,1
1000,1
6220,1
3936,1
3445,1
18357,1
24032,1
9426,1
21751,1
19833,1
4303,1
5179,1
19163,1
16364,1
12942,1
2592,1
16206,1
17633,1
19997,1
29868,0
14887,0
22846,1
4281,1
5039,1
18517,1
22324,1
23713,1
27046,1
13791,1
2233,1
17125,0
13332,1
21405,1
28716,1
4556,1
28056,1
6889,1
2244,1
15751,1
22542,0
17966,1
269,1
1572,1
15085,1
10281,0
8402,1
15019,1
12843,0
8876,1
27785,1
7844,1
24845,1
9234,0
23044,0
22925,1
9604,1
5541,1
27737,1
15840,1
11063,0
3311,0
9827,1
20715,0
25885,1
13963,1
21474,1
7635,1
12985,1
14589,1
2466,1
25771,1
16640,1
10803,1
4353,1
29549,1
3160,1
19948,1
16015,0
25459,1
24347,1
12852,1
16071,1
21569,1
3472,1
27319,1
16089,0
23328,1
18598,1
18162,1
815,1
25085,1
1238,0
6357,0
3643,1
6500,1
15713,1
13122,1
28956,1
19717,1
21830,1
18605,1
8570,1
19942,1
16520,1
29197,1
26795,1
4627,1
3220,1
28194,1
1574,1
7954,1
18998,0
22996,1
7329,1
21203,1
28685,1
18455,1
12578,1
7839,1
6721,1
14530,1
15521,1
27923,0
9978,1
4752,1
25201,1
20631,1
5646,1
21105,1
24211,1
16389,1
10339,1
9231,1
28554,1
20154,1
4741,1
19824,0
22962,1
19866,1
16188,1
5023,0
27320,1
18674,1
16404,1
14389,0
28407,0
26446,1
10445,1
10768,1
2023,1
18346,1
9665,0
10292,1
23207,1
10360,1
25396,1
13637,0
28628,1
5151,1
22090,1
20211,0
13055,0
9170,1
27396,1
28154,1
26262,1
27193,0
23845,1
7884,0
19205,1
16229,1
8448,1
9219,1
25096,1
25369,1
23248,1
15180,1
11619,0
27985,1
20068,0
26752,1
14360,1
20963,1
29100,1
27675,1
1045,1
24066,1
13952,1
5082,1
11728,1
6956,1
29984,1
26074,1
12548,1
1413,1
6129,1
14596,1
9404,1
11011,1
8485,1
27172,1
5186,1
15114,1
27908,0
19043,1
20261,1
18194,0
27489,1
7312,1
5388,1
4044,1
5884,0
27017,1
24626,1
19627,1
2371,0
11181,1
2359,0
25565,1
20104,0
22423,1
20320,0
6045,1
14201,1
16381,1
28602,1
28998,1
20414,0
24501,1
8023,1
1076,1
29656,1
3641,1
7088,1
7371,1
11527,1
16981,1
3300,1
26119,1
17907,1
23760,1
4054,1
9348,0
16217,1
16579,1
8423,1
14357,1
3358,1
27291,1
10604,1
2476,1
23864,1
24333,1
16831,0
7178,0
29073,1
17191,1
7164,1
989,1
28889,1
12187,1
26294,0
10956,1
29428,0
15244,1
19528,1
2446,1
13359,1
14839,1
10594,1
7060,1
14699,1
7167,1
7741,1
2050,1
25260,1
27587,1
3927,1
2478,1
19995,1
16458,1
8139,1
7900,1
16755,1
26832,1
28157,1
1122,1
12237,1
27480,1
13501,1
21622,1
6622,1
13445,0
1237,1
22676,1
21584,1
14627,0
29477,1
14869,1
11718,1
18032,1
1782,1
23250,0
12411,1
6643,1
20411,1
8507,0
18515,1
8918,1
13616,1
24948,1
19859,1
2057,1
19309,1
28164,1
5805,1
12824,1
16580,1
29376,1
14063,1
1367,0
4297,1
9470,1
24829,0
5333,0
21989,1
5427,1
22432,1
14181,1
10511,1
56,1
24762,1
476,1
8678,1
22941,1
25376,0
21272,1
9019,1
23590,1
23038,1
16268,1
8698,1
19660,1
9874,1
22709,1
1677,1
14121,1
14321,0
10401,1
9956,1
28714,0
16627,1
1173,1
25000,1
6899,1
17322,1
6296,1
17986,1
19049,1
12930,1
18031,1
24825,1
1401,1
19716,0
26199,1
26024,1
9109,0
17858,1
11478,0
8939,1
29931,1
27151,1
367,1
2849,1
26634,1
24158,1
27335,1
4605,1
9757,1
27912,1
20220,1
5927,1
27814,1
23896,1
2765,1
12266,1
345,1
11455,1
11671,1
22234,1
10682,1
5172,1
29525,0
5813,1
10148,0
12357,1
13538,1
15914,1
25202,1
20149,1
12936,1
2713,1
22575,1
16314,1
7337,1
9233,1
29287,1
20087,1
12819,1
7607,1
3316,1
1496,1
12939,1
10657,1
20533,0
2604,1
3146,1
21076,1
1391,1
25121,0
14919,0
7216,1
26573,1
16729,1
22884,1
6336,1
28106,1
8062,1
26671,1
27611,1
15543,0
27266,1
3081,1
10351,1
5277,0
23777,0
13981,1
4321,1
1655,1
24696,1
27753,0
29074,1
24443,0
2957,0
24669,1
7405,1
28949,1
19188,1
2779,1
17421,1
18768,1
9709,0
2743,1
29838,0
26527,1
24867,1
2364,1
7984,1
3020,1
18823,0
10602,1
13116,1
614,1
5234,1
4274,1
3574,1
14536,1
22271,1
18761,1
6194,1
27004,1
14669,0
14645,1
16822,1
3276,1
23469,1
11623,1
28279,1
26938,1
25991,1
23119,1
18849,1
24423,1
3981,0
2312,1
16477,0
24172,1
10676,0
19191,0
6034,1
28877,1
10058,0
19729,1
29222,1
4288,1
19029,1
15304,1
6321,0
23802,1
5914,1
9718,1
11285,1
6153,1
21873,1
12142,1
26427,1
807,0
4253,1
7449,1
18043,1
29967,1
23976,1
6620,0
22887,1
10087,1
16497,0
21785,1
25344,1
19826,1
14950,1
14206,1
7193,0
21793,1
1213,1
14101,1
20423,1
3519,1
4577,0
21556,1
27178,1
21924,1
7700,1
17267,1
14581,1
1647,1
27503,0
26384,1
2507,1
17803,1
2902,1
28178,1
22586,1
27410,1
27774,1
22689,1
20354,1
24681,1
16554,1
22834,0
14717,1
19121,1
11855,1
9923,1
16798,1
20997,0
10628,1
23725,1
5124,0
4637,0
22975,1
14029,1
24017,1
24379,0
1062,1
27806,1
3603,1
16427,0
3034,1
26796,1
17445,1
17044,1
12820,1
17893,1
14173,1
21696,0
10070,0
14593,1
6913,1
16126,1
18193,1
25697,1
28929,0
7464,0
25248,1
4418,1
17976,1
13167,1
13352,1
11041,1
10875,1
10975,1
18328,1
15471,1
17673,1
29660,1
29211,1
12972,1
12926,1
5072,1
27672,0
28255,1
29897,1
2667,1
2326,1
3729,1
27871,1
17552,1
23562,0
5051,1
1604,1
5847,0
23034,1
29379,1
4997,1
1529,0
21446,1
1267,1
7293,0
5994,1
22904,0
4804,1
21289,1
28553,0
6704,1
417,1
21723,1
28380,0
25277,1
12106,1
243,1
27973,1
13263,1
13509,1
8556,1
27939,0
1632,0
12989,1
1956,0
2384,1
11173,1
2398,1
24601,1
23341,1
11314,1
10053,1
28453,0
14171,1
15025,1
28064,1
22469,1
17550,0
4355,1
10081,1
1687,0
5430,1
12279,1
28906,1
12579,1
21771,1
16594,1
15271,1
18102,1
26840,0
8044,1
4310,1
28670,0
16881,1
8900,1
11251,0
16360,1
3465,1
8967,1
6873,0
29929,1
24745,1
16686,1
2378,1
28386,1
23189,1
1736,1
1840,1
2274,1
26706,1
28961,1
18334,1
8194,1
7726,0
27036,1
8620,1
6150,1
18084,1
29850,1
5862,1
17083,0
16847,1
15498,1
16898,1
13848,1
26001,0
13461,1
2304,0
23893,0
1299,0
3268,0
9203,1
13400,1
21472,0
7065,1
12389,1
28107,1
24833,1
25732,1
5108,1
10714,0
19009,1
26086,1
25138,1
21142,0
18896,1
13801,1
18155,1
14424,0
20890,1
29489,1
25051,1
39,1
5579,1
2135,1
27202,1
21848,1
13858,1
23028,1
28105,1
12291,1
13212,1
9635,1
24983,1
27761,1
17675,0
14414,1
15633,1
20067,1
17129,1
9270,1
8930,1
4890,1
27513,1
24441,1
14057,1
17,1
21709,1
12310,1
26605,1
24314,0
18398,1
23921,1
29029,1
29318,0
133,1
16902,1
7418,1
21889,1
812,1
6883,1
28838,1
29047,1
8361,1
15079,1
22510,1
25581,1
22353,1
25197,0
17733,1
3731,1
12817,1
23846,1
29642,1
24661,1
3066,1
22000,1
12205,1
26543,0
11648,1
29711,1
20152,0
8885,1
26329,1
23220,1
10322,0
26277,0
1093,1
10287,1
27678,1
15096,1
1304,1
26195,1
451,1
16856,1
27906,0
24155,1
28116,1
17784,1
15368,1
2250,1
11600,1
24131,1
21609,1
12265,1
15094,1
21343,1
22780,1
8587,0
1251,0
29869,0
21024,1
25932,1
1689,1
6258,1
22267,1
17099,1
26612,1
8061,1
27645,1
7694,1
22305,1
13078,0
27000,1
14378,1
20809,0
29791,1
26966,1
19352,1
7324,0
900,1
4881,1
15826,1
6569,0
5537,1
7115,1
10906,0
22012,1
5674,0
4687,1
1094,1
19736,1
14822,1
19089,1
4076,1
9937,0
1050,1
13165,1
29877,1
15178,1
14388,1
13649,1
3538,1
17510,1
15742,1
12933,1
23147,0
19758,1
28070,1
23538,1
8407,1
22318,0
9393,1
9657,1
26126,1
19004,1
6165,1
21615,1
12706,1
25976,0
26609,1
11505,1
22359,1
26985,1
7948,1
27709,1
7191,1
25513,1
28609,0
5033,1
14885,1
29598,1
16614,1
341,1
19559,1
2809,1
17104,1
2846,1
2517,1
9905,1
29226,1
29092,1
4755,1
4109,1
653,0
22223,1
3144,1
9962,1
16717,0
14870,1
3734,1
18739,1
17134,0
8223,1
4920,1
22096,1
26843,1
2976,1
2752,1
8029,0
29483,1
8565,1
3853,1
10437,1
20535,1
1575,1
15886,1
14895,1
21591,1
9290,1
7160,0
26744,1
18466,1
25298,0
23996,1
23662,1
24858,1
6144,0
6289,1
24062,1
25192,1
6213,1
6185,1
6119,1
27441,1
3577,0
17931,1
26025,0
24316,1
3452,0
8465,1
20688,1
13866,0
4167,1
17856,1
12168,1
6932,1
5428,1
22559,1
11124,1
22019,1
21790,1
17727,0
8741,1
19878,1
3982,0
14961,1
12312,1
23216,1
21378,1
20568,1
27040,1
17060,1
10607,0
20058,1
3781,1
3593,1
17383,1
24821,1
4952,1
7611,1
4051,1
2950,1
22930,1
24279,1
6358,1
8415,1
9674,1
2877,1
11280,1
22770,1
14720,1
16927,1
7381,1
693,1
9160,1
21641,1
26562,1
12240,1
6262,0
20096,1
25509,1
22875,1
4009,1
11119,1
6442,1
11201,0
9216,1
1087,1
23671,1
19229,0
25005,1
12414,1
16282,1
24346,0
7085,1
1312,0
24071,1
9858,1
24170,1
27608,1
11422,0
22634,1
5081,1
7654,1
25012,1
6149,1
4522,1
20891,1
983,1
2676,1
8743,1
23523,1
15947,1
15639,1
16328,1
7277,1
25467,1
12534,1
19047,1
17864,1
5900,1
29028,0
14045,1
27196,0
8170,1
14944,1
1585,1
14630,1
15904,1
10920,0
10172,1
2477,1
13462,1
6173,1
29285,0
7676,0
10868,1
26153,1
11969,1
4477,0
11502,1
2229,1
19854,1
29372,1
27105,1
29380,1
12494,0
21546,1
18994,1
8322,1
5159,1
14994,1
23548,0
7264,1
8205,1
29724,1
19599,1
16925,1
20793,1
743,1
10542,1
1690,1
8359,1
23890,1
17318,1
19798,1
15832,1
28739,1
13780,1
17385,1
9999,1
6479,1
19342,0
15306,1
1525,1
10582,1
27957,0
21743,1
585,0
22004,1
1492,1
29336,0
22583,1
1878,1
16484,1
11599,1
151,1
14174,1
11080,1
12543,1
9400,1
12493,1
7126,1
11216,1
15429,1
2518,1
29385,1
7761,0
12275,0
3821,1
10328,1
10278,1
27240,1
23595,1
1835,1
13495,1
24302,1
20270,1
20182,1
25147,1
17286,1
25921,0
17712,1
26328,0
1882,1
12063,1
18794,1
6084,1
4641,1
18432,0
6991,1
19141,0
26629,1
4278,1
29772,0
19690,1
25547,1
26831,1
16519,1
4479,1
20954,0
4067,0
19509,1
1977,0
8545,1
27779,1
24648,0
13015,1
14485,1
27673,1
21619,1
29367,0
2972,1
12377,1
10809,1
26379,0
14535,1
22079,0
15645,0
22893,1
13978,1
5247,1
18858,1
20693,1
2485,1
19975,0
18104,1
19558,1
5582,1
3412,1
1988,1
29958,1
23972,1
18161,1
22254,1
27425,1
1767,1
7037,1
23731,1
11488,1
16982,0
4180,1
19212,1
62,0
27003,1
5999,1
15647,1
13926,1
27640,1
27405,1
15374,1
8189,1
19090,1
8450,0
22150,1
10394,1
5902,1
19312,1
1779,0
5791,0
23286,0
24892,0
4500,1
2924,1
11079,0
22214,1
24298,0
22847,1
11445,1
6253,1
8961,1
20744,1
26016,0
16607,1
18144,1
3657,1
28438,1
12687,1
13333,1
4399,1
10540,1
12024,0
25234,1
5917,1
5139,1
24491,1
6076,1
14825,1
18632,1
10029,1
28701,0
1488,0
12226,1
6170,1
5966,1
23314,1
19562,1
20309,1
10456,1
14683,1
25157,1
24971,1
19684,1
23113,1
7459,1
24376,1
15286,1
14747,1
25872,1
18441,0
3152,1
24349,1
3626,1
29330,1
7302,0
24095,1
19438,1
9538,1
11644,1
28348,1
18687,1
5882,1
10160,1
26957,1
27689,0
16591,1
13754,1
14765,1
13496,1
11183,1
22935,1
14332,1
17418,1
26289,1
1208,1
8199,1
7915,1
25657,1
16395,0
10331,1
28163,1
21884,1
29094,1
17351,1
22274,1
1893,1
9996,1
24300,1
5787,1
16294,1
25927,1
14220,1
927,1
4177,1
6054,1
4990,1
28924,0
29403,0
970,1
20322,0
28425,0
2149,1
10367,1
11892,1
10673,1
21056,1
14948,1
16677,0
27048,1
14559,0
19185,1
1026,1
19500,1
28227,1
29577,1
23134,1
14968,1
3636,1
474,1
13712,1
14969,1
12785,1
22903,1
20441,1
7494,1
1748,1
21395,0
29806,1
4551,1
24384,1
17612,1
26755,1
29626,1
8419,0
10536,0
2631,1
4164,1
25165,1
25788,1
19707,1
3102,1
9117,1
911,1
18964,1
13447,1
8171,1
24956,1
2712,1
11247,1
2799,1
8506,1
8875,1
25973,1
7656,1
3793,1
29606,1
9714,1
15512,1
7821,1
596,1
21694,1
29078,0
2254,1
27750,1
14082,1
18635,1
19691,1
6410,1
21315,1
2582,1
7587,1
16326,1
26485,1
23971,1
26763,1
18778,0
24623,1
862,1
2526,1
10338,0
24169,1
10551,1
8917,1
14751,0
12461,0
15269,1
26934,1
29142,1
5465,0
24214,1
10814,1
14455,1
27812,1
9359,1
20016,0
13829,1
25336,1
10977,0
17999,1
15610,0
29664,1
670,0
28143,1
14605,1
7819,1
22564,1
26439,1
172,1
19384,0
20447,1
21211,1
26924,1
27164,0
14714,1
13172,1
13318,1
10522,1
7986,1
2041,1
23648,0
26983,1
2726,1
19829,1
14975,1
28941,1
29485,0
16027,1
15118,1
10326,1
10664,0
16388,1
26048,1
10485,1
1931,1
27624,0
11214,1
18476,1
2230,1
1621,0
12916,1
24734,1
1763,1
27019,1
23186,1
4072,1
22361,1
14484,1
1085,1
13961,1
10343,1
6912,1
29546,1
16120,1
4818,1
780,0
26600,1
617,1
27023,1
5763,0
24888,1
27926,1
5556,1
2928,1
21476,0
992,1
11586,1
25402,1
6103,0
29851,1
1946,1
12390,1
3959,1
683,1
28850,1
18205,1
13852,1
23288,1
21182,1
17061,0
4798,1
18342,1
7338,1
5411,0
11823,1
16044,1
4564,1
1703,1
13273,1
21812,1
17861,0
11208,1
2624,1
5278,1
3777,0
19947,1
13944,1
23153,0
27342,1
5235,0
9322,0
23021,1
5749,1
6936,0
2316,1
22788,0
19649,1
15696,1
11537,1
5095,1
2381,1
16172,1
25221,0
23834,1
17900,1
20382,1
5105,1
2132,0
270,1
26243,1
20293,1
1810,1
15710,1
23421,0
12398,1
26819,1
20965,1
19125,1
29892,1
11908,1
10363,1
14145,1
23260,1
4484,1
7666,0
11522,1
26731,1
15569,1
15513,1
23334,0
29885,1
15140,1
16218,1
23195,1
9680,1
25920,1
19708,1
22328,1
17600,1
2033,1
5421,1
14526,1
23681,0
22197,0
915,1
8569,1
10454,1
24484,1
4370,0
3343,1
17895,1
24018,1
20601,1
19300,0
6360,1
25365,0
15808,1
8330,1
19470,1
14197,0
509,1
23761,1
10021,1
22322,1
2140,1
3645,1
28516,1
7156,1
28751,0
9571,1
17850,1
28676,0
25242,1
1577,1
25431,1
13701,1
23496,0
20130,1
26827,1
4491,1
27261,0
1651,1
2536,1
13249,1
26085,1
9113,1
13674,1
4815,1
17102,1
7613,1
21178,1
15855,1
3355,1
3624,1
24600,0
1305,1
21454,1
9825,1
19864,1
14659,1
23270,0
18699,1
5755,1
28529,1
14340,1
25120,1
1518,1
11430,1
23264,1
15406,1
2451,1
15034,1
14051,0
1146,1
14032,1
18873,1
10405,1
7017,1
20585,1
24789,0
753,1
15655,1
21668,1
14342,1
9974,1
21088,1
7811,1
15028,1
15466,0
20253,0
7854,0
15410,1
13229,0
27496,0
14607,1
12992,0
26679,0
775,1
28201,1
21770,1
29059,1
14987,1
13151,1
2751,1
25528,1
25074,1
16665,1
29042,1
3396,1
7374,1
26100,1
23493,0
18876,0
1740,1
8350,1
15720,0
2275,1
12100,0
13186,0
1066,1
15545,1
20852,0
28869,0
24784,0
13464,1
4657,1
22357,1
20487,0
4651,0
3100,1
15048,1
20115,1
853,0
7161,1
25034,0
16043,1
2267,1
5769,0
3437,0
26197,1
12109,1
20544,1
13734,0
12920,0
2271,0
22102,1
18434,1
23340,1
7838,1
17087,0
28914,1
7035,1
19104,0
17140,1
26980,1
20767,0
20953,1
21864,1
27372,1
29865,0
20761,1
10387,0
28417,1
22619,1
13655,1
23776,1
20642,1
3663,1
15167,1
20497,0
26229,0
1317,1
19445,1
29682,1
10637,1
29610,0
26360,1
3599,1
13268,1
6676,0
20381,1
28955,1
13223,1
11176,1
24116,0
2367,0
11121,1
22667,1
59,1
12851,1
21103,0
22964,1
11701,1
6397,1
9875,0
6677,1
23551,1
3756,1
27088,1
17565,1
28791,1
25080,0
13370,0
19282,1
9224,1
18302,0
24413,0
10601,1
21070,1
2147,0
13587,1
24800,0
27536,1
6246,1
24857,0
21677,1
12859,1
22109,1
19654,1
966,0
19876,1
12178,0
21001,1
15871,1
3050,0
28463,1
5852,1
15582,1
25123,1
20866,1
13846,1
26732,0
15248,1
18884,1
8755,1
5440,1
25740,1
13279,1
10794,0
2296,1
22879,1
1558,1
27426,1
12506,1
14529,1
14191,1
25617,1
6822,1
8826,0
4599,1
9175,1
24872,0
8072,1
10386,1
2781,1
5801,0
19234,1
2461,1
8906,1
23115,1
13526,0
13539,1
21797,1
4047,0
22878,1
18083,1
26666,0
29095,1
22885,1
3088,1
25338,1
6424,1
19059,1
11744,1
12572,1
17229,1
16867,1
10110,1
28503,1
12371,1
20004,0
1601,1
11069,1
9487,1
12525,0
29565,1
168,1
10942,1
22552,0
1002,0
21344,1
16603,0
3858,1
15889,1
28354,1
18926,1
5800,1
1894,1
27731,1
19987,1
27095,1
7462,1
11277,0
3348,0
6609,1
18309,1
9062,1
13883,0
7440,1
28942,1
14282,1
5789,1
23347,1
249,1
8947,1
16535,1
10828,1
21390,0
296,1
394,1
1006,0
1884,1
10258,1
7177,0
10733,1
2977,1
16817,0
20629,1
29271,1
7351,1
15008,0
5520,1
27556,1
20789,1
26825,0
20449,1
9814,0
20417,1
17822,1
298,1
799,1
9147,1
8702,1
571,1
15375,1
5676,1
2720,1
18109,1
12115,1
28076,1
10441,0
26597,1
4701,0
26762,1
12186,1
3748,1
26959,1
14894,1
26044,1
15703,1
9152,1
17952,1
6977,0
25487,1
13760,0
24038,1
3514,1
11849,1
4900,1
2951,1
16833,1
29798,1
29689,1
1684,1
12112,1
10685,1
15700,1
25230,1
21616,1
25925,1
25635,1
10204,1
8760,1
28573,1
27403,1
12048,1
29544,1
19705,1
4745,1
27554,0
13030,1
25819,1
7153,1
9294,1
304,1
14868,1
19848,1
6689,1
7974,1
28923,1
12392,1
24730,0
22176,1
12463,1
24473,1
9518,1
26871,1
10447,1
17831,1
19432,1
2845,1
9211,1
1824,0
3780,1
16305,0
24798,1
13025,1
19225,1
2879,1
11781,1
6553,1
29855,1
13092,0
24705,1
25928,1
27114,1
826,1
4821,1
3939,1
21529,1
23445,1
1817,1
16860,1
15197,1
9543,0
13190,1
29167,1
13517,1
24004,0
18870,1
29329,0
21109,1
69,1
12564,1
23741,1
29695,1
26114,0
14475,1
16238,1
5317,1
18966,1
15092,1
26506,1
5678,1
15849,0
29384,1
19924,1
25390,1
17670,0
5642,1
9517,1
22302,1
21804,1
2488,1
15062,1
15026,1
14965,1
3382,0
28341,1
2599,1
20520,0
15235,1
25253,1
22319,1
23098,1
14716,1
29058,1
12611,1
20019,1
29262,1
7206,1
27666,1
26227,0
360,0
11843,1
28593,0
19805,0
5013,1
16039,1
20516,1
20539,1
23168,1
8316,0
6107,1
10903,0
1949,1
12143,1
17190,1
1743,0
4025,1
9927,1
342,1
16958,1
26551,1
5934,0
23699,1
18983,1
16197,0
16928,1
3414,1
20556,1
12710,1
19612,1
11083,1
22414,1
3586,1
28485,1
25814,1
8522,1
1856,1
9139,1
23279,1
5069,1
3612,1
6519,1
22953,1
16489,1
7501,1
18059,0
9485,1
1244,1
1232,1
21382,1
27744,1
14924,1
14296,1
6964,0
19075,1
6465,1
11221,0
3978,1
22749,0
7675,1
20602,1
7385,1
19709,1
29315,1
419,1
14151,1
26028,1
12715,0
7130,1
2944,1
22306,1
26215,1
21968,1
26101,1
7026,1
8942,1
28841,1
20636,1
7128,1
22585,1
17256,1
2248,1
8168,1
15508,1
21925,1
7939,1
27096,0
4654,1
27343,0
14268,1
5464,0
26342,0
24718,1
10489,1
23773,1
28027,1
21365,1
27305,1
26482,1
29473,1
6772,0
21392,1
27492,1
12335,1
6937,1
20092,0
29782,1
14777,1
6832,0
5123,1
16907,1
8625,1
3002,1
24912,1
2685,0
6988,1
29989,1
21829,0
28627,1
24079,1
9736,1
17049,1
9051,1
2322,1
6819,0
22293,1
12491,1
22184,0
16018,1
27610,0
2760,1
20284,1
20135,1
28486,1
17808,1
28197,1
29562,1
21172,1
25031,0
9483,1
26068,1
19877,1
14815,0
18997,0
24357,1
18305,1
20690,0
14874,1
10169,1
21839,1
18060,0
21815,1
9320,1
21309,1
873,1
27158,1
13903,1
12707,1
28036,1
7657,1
28321,0
12219,1
9871,0
18529,1
9764,1
7692,1
17336,1
439,1
26916,1
26591,1
8799,1
25713,1
23174,1
21464,1
14962,1
17397,1
9401,0
24166,1
29783,1
11635,1
29576,0
26930,1
15367,1
8898,1
11387,0
17169,1
8949,1
4045,1
26677,1
3368,1
19283,1
16716,0
10134,1
8333,1
5289,1
20469,1
28260,0
5459,0
4453,1
26652,1
13567,1
29480,1
22229,0
1879,0
11459,1
12737,1
14573,1
27449,0
4761,1
29065,1
23635,1
6735,1
19063,1
10639,1
15312,1
17818,0
811,1
45,1
5241,1
19066,1
29430,1
28616,1
26212,1
15613,1
27177,1
22397,0
1046,1
14520,1
8420,0
8120,1
16285,0
25980,1
27544,1
24044,1
3386,1
11104,1
19901,1
13837,1
26593,1
26850,0
21487,1
28009,1
28535,1
22557,1
18321,1
1115,0
2830,1
9463,1
20161,1
17499,1
17010,1
20807,1
7256,0
1114,1
7773,0
25494,0
23444,1
25209,1
18467,1
3294,1
12241,1
3109,1
16807,1
8129,1
23623,1
19941,1
15822,0
6453,1
11448,0
8893,1
24239,1
17304,1
23542,1
10012,1
6136,1
22141,1
20727,1
17007,1
5495,1
24383,1
17293,1
16986,1
22001,1
15803,1
28284,1
18700,0
29997,1
4102,1
22508,0
15815,1
15823,1
22896,0
29793,1
13065,1
11538,1
3520,1
25456,1
27277,1
16660,1
11076,1
12636,1
8043,0
4802,1
15127,1
28913,1
1065,1
26272,1
18232,1
18120,1
11117,1
26764,1
19556,1
19441,1
28085,1
10593,0
20050,0
14710,0
3696,0
12169,1
15623,1
6055,1
27508,1
597,1
6846,0
23355,1
2587,1
17547,1
22235,1
16848,1
423,1
1571,1
8532,1
18117,1
28656,1
14410,1
21098,0
27047,1
13778,1
17132,1
28071,1
19999,1
4210,1
26095,1
22142,1
4034,1
9150,0
16935,0
19314,1
515,1
5268,1
8340,0
4013,1
7972,1
5288,1
23770,0
9064,1
14687,1
19797,0
8401,1
9417,0
28096,0
22489,0
3325,1
15660,1
23801,0
19687,1
28049,1
21508,1
5785,1
14552,1
10183,1
10523,0
10887,1
17052,1
20904,1
601,1
11215,1
19426,1
15507,1
6602,0
16243,1
6142,1
5613,1
25827,0
25377,1
27543,0
6319,1
2103,1
11976,1
26526,1
24720,1
9597,1
4727,0
27010,1
23600,1
19134,0
11739,1
383,1
25737,0
27514,1
24927,1
8227,1
4483,0
9272,0
14166,1
20272,1
28565,1
18023,1
3183,0
24126,1
17890,1
17665,1
593,0
23054,1
12387,1
24448,0
22791,0
18456,0
4597,1
4042,1
26648,1
29082,0
10059,1
14844,1
7679,1
27228,1
3979,1
19567,1
12332,1
17555,1
7110,1
17639,1
23262,1
22737,1
9512,1
9237,1
425,0
2351,1
14500,1
2247,1
22657,1
21828,0
26674,1
2988,1
9239,1
11167,1
11903,1
23926,1
13080,1
12969,1
7967,1
1871,1
20889,0
9869,1
28118,1
20184,1
5386,1
10280,1
18186,1
7189,1
6859,1
12608,1
14074,1
3887,1
6537,1
25904,1
12037,0
5690,1
3955,0
24665,1
20106,1
6752,1
27460,0
3660,1
28711,1
9767,1
7813,1
2224,1
17919,1
29495,1
21885,1
18383,0
4584,1
7101,1
10590,1
18933,1
8049,1
1674,1
25367,1
21465,1
14845,0
10549,1
5526,1
7315,1
9939,1
14004,0
1147,1
2365,1
12754,1
18230,1
29308,1
24222,1
412,1
23057,1
11948,1
14888,1
19034,0
10580,1
16482,1
5705,1
22492,1
1910,1
14315,1
23889,1
10290,1
7179,1
28587,1
27429,1
9838,1
29461,1
5228,1
19568,1
18198,1
14425,1
8992,1
27760,0
7791,1
11658,1
18789,1
4420,0
19515,1
1841,1
2474,1
29899,1
7057,1
2031,1
15766,1
12102,0
12944,1
2673,1
8174,1
4397,1
3572,1
13498,0
29011,1
24181,1
9012,1
23319,1
3481,1
13012,0
6939,1
7183,1
24540,1
19198,1
17734,1
26021,1
2241,1
24256,1
26247,1
11840,1
26693,0
27169,0
4631,1
1803,1
12593,1
21279,0
26711,1
9181,1
17646,1
11559,1
10806,1
13124,1
1022,1
14876,1
21973,1
22115,1
26579,1
4573,1
14898,1
27713,0
25484,1
29870,1
16293,1
25975,1
24675,1
22563,1
23690,1
25286,1
19623,1
5888,1
4536,1
28491,1
18447,1
17778,1
1829,0
13672,1
27831,1
13369,1
5263,1
1161,1
13629,1
19207,1
27025,1
8178,1
28652,1
1698,1
22245,1
16919,0
20479,1
25915,1
4606,1
13054,0
19128,1
20649,1
2792,1
21287,0
6051,1
3934,1
17997,1
13721,1
714,1
19079,0
5681,1
28214,1
14829,1
25488,0
20458,1
24546,0
10052,1
29950,0
9037,1
18538,1
29019,1
745,1
19642,1
8938,1
3799,1
662,1
2043,1
4380,1
817,1
21891,0
13533,1
10011,1
12136,0
2842,0
17357,1
29520,1
18229,1
26885,1
15350,1
25035,1
16058,0
7319,1
27735,1
25144,1
504,1
19828,1
29212,0
5654,1
28053,1
2564,0
29443,1
2728,1
16739,0
19274,1
13639,1
16611,1
9373,1
22973,1
22140,1
15468,1
22727,1
9014,1
17226,0
11019,1
2692,1
2000,1
20949,1
13135,1
6475,1
14882,1
3346,1
19073,1
4006,1
20511,1
500,0
3893,1
27447,1
24134,1
804,0
18257,1
17925,1
3395,0
24086,1
18575,1
29288,1
12740,1
5028,1
6115,1
17771,1
8234,1
19890,1
14072,1
20550,1
13596,1
26972,1
3909,0
29733,1
26926,0
9655,0
17681,0
22661,1
15985,1
25704,1
52,1
20024,1
14682,1
29174,0
28346,1
23591,1
29079,1
16789,1
11740,1
5824,1
13094,1
23169,1
14338,1
29154,1
7120,1
5771,1
13520,1
22050,0
4964,1
24597,1
6160,1
3945,1
29988,1
27876,0
16945,1
29738,0
21803,1
6888,1
29781,1
21006,1
3283,1
3482,1
14938,1
26270,1
18872,1
8663,0
3843,1
27205,1
9544,1
28878,1
15501,1
7406,1
15074,1
2852,1
10800,1
6523,1
9445,1
19030,0
18825,0
1909,0
10115,1
1625,1
28828,1
23378,0
8024,1
1539,1
25111,1
15434,1
19417,1
14575,1
12621,1
4363,1
7705,1
11406,1
9029,1
14184,1
6729,1
13622,1
103,1
1636,1
13905,1
1025,1
17606,1
21761,0
10359,1
16979,1
6807,1
1845,1
26547,0
6070,1
12138,1
6431,1
19380,1
24293,1
9364,0
7825,1
8744,0
14209,1
14138,1
3306,0
361,1
17921,1
18951,1
5358,1
13682,0
24500,0
17174,1
27953,1
24659,1
10446,1
21525,1
3877,1
29666,1
9220,1
16741,1
27927,1
24896,1
5549,1
27446,1
15993,1
1617,0
14336,1
8632,1
29104,0
20686,1
22249,1
18753,1
2279,1
25890,1
7556,1
24474,1
14704,0
21583,1
12948,1
2054,1
7222,1
11294,1
10937,1
4976,0
8347,1
9254,0
22222,1
18642,1
11415,1
5356,1
22006,0
13027,0
3433,1
20251,1
25777,1
29704,1
14163,1
27981,1
11685,1
6916,1
16053,1
459,0
29236,1
29008,1
23511,1
3646,1
10427,1
9205,0
17015,1
5326,1
12395,1
12828,0
5758,0
24404,1
16339,1
3448,1
26137,1
21048,1
20640,1
14660,0
29464,1
17095,1
19608,1
23159,1
24637,1
17980,1
14383,0
10473,1
5016,1
17024,1
17772,1
583,1
11953,1
4070,0
14727,1
3129,1
29604,1
7678,1
5152,1
2947,1
21326,1
9683,1
28960,1
24010,1
4185,1
12267,1
1349,1
27262,1
3988,0
20598,1
29378,1
4469,0
17524,1
5018,1
5120,1
5651,1
14773,1
29451,1
18437,0
25454,0
10652,1
7729,1
22673,1
1600,1
12127,1
464,1
5417,1
2672,1
2793,1
13147,0
3859,0
17344,1
27552,0
18255,0
422,1
9378,1
29901,0
18327,1
3974,1
2717,1
102,1
24757,1
6765,1
11622,1
29919,1
22658,1
29667,1
8708,1
22819,0
16787,1
27644,1
21064,0
29076,1
23482,1
24348,1
16031,1
25233,0
15080,1
21980,1
7542,1
24524,0
29691,1
26816,1
23902,0
11073,0
8319,1
21994,1
11775,0
4449,1
20580,1
6074,1
21220,1
25310,1
8835,1
14697,1
3053,0
27566,1
981,0
6524,1
2439,1
12841,1
20826,1
1755,1
2339,1
1386,1
27427,1
22045,1
5615,1
9632,1
24111,1
12586,1
24039,1
15723,1
23118,1
23940,1
20027,1
10102,1
11102,1
12606,1
16315,1
20257,0
14265,1
24315,1
20591,1
1406,0
23739,1
4035,1
18875,1
28222,0
27399,1
25173,1
28730,1
28124,0
8323,1
10732,1
6097,1
9336,0
22714,1
12512,1
13546,1
1252,1
16203,1
10931,1
728,1
2215,1
3261,1
28091,0
19952,1
29488,1
10862,1
574,1
17949,1
9828,1
18727,0
8644,0
19261,1
22014,1
11707,1
1693,1
4196,1
5468,1
20845,1
216,1
26613,1
29674,1
19048,0
8261,1
13363,0
18532,1
17813,1
24717,1
25135,1
22997,1
21588,1
746,1
22540,1
7348,1
26790,1
28876,1
15256,1
5545,1
16324,1
1964,1
8300,1
1526,1
29118,1
3553,1
12584,1
15205,1
4878,1
15000,1
4232,1
29034,1
9944,1
22036,0
11284,1
10861,1
17955,1
21462,1
20560,0
21240,1
4957,0
18220,0
20222,1
24671,0
10867,1
29723,1
3819,1
19715,1
24073,0
5796,1
9327,1
14497,1
15272,1
8429,1
2252,1
20990,1
7964,1
24230,1
691,0
1474,1
4705,1
15565,1
7084,1
28552,1
7857,1
21596,1
6925,0
17913,1
13426,1
2382,1
26532,1
1812,1
28084,1
23429,0
21847,1
9194,1
24508,1
2968,1
24118,1
16444,1
18922,0
12793,1
15979,1
20072,1
28921,1
8014,1
27379,0
18376,1
24340,1
1650,1
18910,1
289,1
22633,1
10515,1
5506,1
10880,1
17638,1
2817,1
12530,1
20581,1
25438,1
12910,1
10461,1
1576,1
24576,1
27139,1
24943,0
17101,0
9316,1
9123,1
16491,1
22022,0
5080,1
7875,1
28829,1
18795,1
22078,1
16781,1
18640,1
27321,1
19117,1
29818,1
15994,1
23771,1
2541,1
18369,0
15276,1
27289,1
26274,1
19781,1
12650,1
13179,1
20986,1
3123,1
29895,1
12581,1
21224,1
23123,1
20247,1
1489,1
13037,1
21339,1
22539,1
925,1
11767,1
22485,1
13134,1
16373,0
19080,1
29618,1
27971,1
22921,0
12864,1
3237,1
2327,1
9214,1
4404,1
2314,1
20892,1
6691,1
27909,1
26995,1
5783,1
27888,0
25254,1
21416,1
21975,1
2734,1
14001,1
16214,0
6982,1
14674,0
19847,1
20812,1
26027,1
4853,1
4150,1
22956,1
23763,1
14195,1
7539,1
13382,1
28950,1
16149,1
6847,0
20613,1
23931,1
12496,0
29731,0
12473,1
23809,0
12632,1
23881,1
4527,0
822,1
16087,1
20455,1
25018,0
17863,1
11013,1
14039,1
18844,1
16423,1
23295,0
821,1
28179,0
22562,1
7427,1
7404,1
25833,1
10973,1
3863,1
28495,0
15027,1
18189,1
692,1
18168,1
18285,1
18610,1
25710,1
14623,1
4053,1
10192,0
26253,1
23961,0
24177,0
5096,1
1018,0
25761,1
1112,1
28113,1
18388,1
18931,0
23847,1
27700,1
20507,1
1061,1
357,1
22121,1
18723,1
12585,1
23109,0
18049,1
7204,1
11772,0
8484,1
20099,0
8159,0
20297,1
11653,1
11218,1
15607,1
22986,1
526,1
13219,1
12943,1
13790,1
24634,1
28863,1
25264,1
6307,1
15594,1
3043,1
26077,1
25642,1
2101,1
2791,1
25596,1
15818,1
6885,1
16361,1
28630,0
26592,1
29469,1
27572,0
24326,1
11856,0
21660,1
18314,1
6485,1
4069,1
3911,1
5650,0
27752,1
19825,0
4877,1
20363,1
27281,0
8874,1
9523,1
19631,0
17456,1
11738,1
26646,0
18728,0
38,1
17746,1
16792,1
1592,1
18622,0
28640,1
22037,1
6362,0
27524,1
15805,1
1167,1
12044,1
3497,1
11021,1
11897,1
3924,1
19333,1
364,1
19303,1
1587,1
616,1
21661,1
2912,0
28290,1
27527,1
29161,1
27655,1
9447,1
27384,1
3555,0
21351,1
7807,1
24658,1
23597,1
27245,1
8411,0
14156,1
29500,0
25346,1
13272,1
4307,1
27820,1
24988,1
16425,1
536,1
17243,1
7109,1
21300,1
27126,1
27148,1
5331,1
8393,1
22790,1
12938,1
8954,1
28512,1
7268,0
23194,1
3516,0
16165,1
1428,0
5050,1
5066,1
5699,1
15072,1
18197,1
18181,1
5348,1
5814,1
4713,1
3040,0
14972,0
17128,1
27035,1
182,1
18907,1
18924,0
12431,1
20350,1
13643,1
4157,1
9833,1
23565,1
25586,1
22948,0
25175,1
2907,1
24426,1
7957,1
3489,1
22541,0
29190,1
1534,1
28625,1
28007,1
13723,1
11501,1
14095,1
18324,0
20419,1
4,1
14578,1
19517,1
9964,1
21991,0
26261,1
8337,1
28658,1
9849,1
23517,1
947,0
18250,1
24898,1
25379,1
21825,0
4944,1
16453,1
13233,1
28788,1
4391,0
850,1
24228,1
26300,1
11237,0
16051,1
22989,1
2583,0
10929,1
14586,1
21580,1
17847,1
16098,0
19018,1
6349,1
12023,1
14187,1
25758,1
8602,1
17923,1
4799,1
5756,1
9222,0
18130,1
11869,1
7502,0
21495,0
1950,1
12444,1
3406,0
23799,1
4214,1
22052,1
20160,1
15397,0
5439,1
6687,1
15750,0
24907,1
112,1
23224,0
2832,1
24910,1
26673,1
7308,1
27487,1
21221,1
5695,0
29675,1
6195,1
10303,1
8165,0
27298,1
29248,1
23318,1
27860,1
16943,1
8126,1
20993,1
19777,1
10951,1
15525,1
4671,0
8444,1
25006,1
4427,1
479,1
3867,0
16433,1
23181,1
4468,1
29612,1
17092,1
15297,1
22588,1
15394,1
6940,1
2473,1
18111,1
18741,1
7670,1
5456,1
26723,1
15236,1
21099,1
19036,1
23425,0
28901,1
321,1
16767,1
11978,1
237,1
15399,1
23583,1
28383,1
28976,1
1201,1
27999,1
19161,1
8478,1
23230,1
20861,1
20609,1
3086,1
5719,1
18733,0
20557,1
97,1
2116,1
29505,1
27091,0
28771,1
4331,0
24768,0
16430,1
2998,0
20538,1
6497,1
688,0
4743,1
20001,1
28153,1
19920,1
19480,1
17473,1
4679,1
14606,1
10484,1
17512,1
10966,0
6863,1
23045,1
8266,0
6954,1
1383,0
16844,1
19503,1
26899,1
13580,1
15300,1
6592,1
21026,1
27473,0
1327,1
7561,1
14995,1
15417,1
25321,1
15150,1
1101,0
4635,1
17063,1
25948,1
3202,1
2531,1
5254,1
10858,1
15724,1
18315,1
2293,0
15611,1
11244,1
4493,1
5922,1
28059,1
6238,1
27282,1
7321,1
24752,1
24819,0
15462,1
12981,1
25618,1
23128,1
9549,1
11112,1
29589,0
8634,1
8369,0
15632,1
18199,1
26421,1
25611,1
20481,1
9367,0
18621,1
17313,1
24699,1
8297,1
9590,1
7943,1
11907,1
11530,1
2946,1
19374,1
17497,1
4499,1
12513,1
28997,1
15179,0
28710,1
11371,1
5531,0
2557,1
8897,1
7858,0
6975,1
6112,0
67,1
2671,1
27128,1
8528,1
25235,1
20814,1
20563,1
3450,1
11506,1
1822,0
1055,0
17321,1
10789,1
13665,1
23024,1
23321,0
20084,1
2691,1
16209,0
24621,1
29289,1
7424,1
15133,1
12165,0
3606,1
29700,1
1454,1
9423,1
10987,1
5354,0
28251,1
6908,1
7850,1
18137,1
17749,1
7509,0
24327,1
566,0
13231,1
25582,1
5122,0
26906,0
9661,0
21930,1
16759,1
26184,1
9688,1
19415,0
24271,1
21129,1
1435,1
16269,1
28940,1
217,1
5829,1
10119,1
3787,1
17866,1
4209,1
12116,0
22143,1
3986,1
16956,1
5125,1
21999,1
28792,1
6434,1
1868,1
7640,1
24135,1
24121,1
127,0
16638,1
18899,1
16676,1
20950,1
2049,1
27553,1
1896,1
166,1
3363,1
4110,0
11178,1
26399,1
20075,1
17436,1
13626,1
13424,1
9002,1
2940,1
22248,1
11026,1
8855,1
4561,1
15476,0
8936,1
4792,1
4406,0
22718,0
22048,1
9221,1
2180,1
8221,1
15874,1
22409,1
1070,1
26343,1
7224,0
267,1
15796,0
22523,1
25427,1
15863,1
25161,1
27825,1
27661,1
17764,1
15920,0
10325,1
14612,0
7058,1
23865,1
28726,1
6987,1
12227,1
5397,0
24006,1
25701,1
24438,1
5116,1
25255,1
14325,1
17437,1
10406,1
18813,1
3618,1
27395,0
21481,1
4607,1
26420,1
20216,1
26811,1
13619,1
20368,1
21437,1
27051,1
15870,0
20142,1
27422,1
16650,1
26939,1
13105,0
12036,1
15862,0
28283,1
21697,0
12170,1
25726,1
23674,0
16569,1
16452,1
543,1
4143,1
7516,0
19858,1
9687,1
29148,1
6582,1
21091,0
19786,1
25597,1
28242,1
10108,1
13959,0
18792,0
24146,1
18446,1
4603,1
10635,1
29583,1
8123,1
29845,1
18306,1
356,0
25633,1
5680,1
9164,1
23964,1
24049,1
15531,1
17517,0
26560,1
10494,1
21523,1
17085,0
19945,1
13870,0
9928,1
17377,1
16086,1
28247,1
22752,1
26912,1
24701,1
10994,0
4717,1
2873,1
11256,1
7296,0
18006,1
21505,0
3244,1
16873,1
22194,1
25198,1
28983,1
23991,1
13532,1
2352,1
3495,1
24036,1
25576,1
19230,1
25747,1
24647,1
2395,1
21789,0
27413,1
22613,1
8842,0
26110,1
11945,1
5679,1
19675,1
4887,1
2826,1
1751,1
19902,1
28988,1
28746,1
5002,1
19016,0
21396,0
5092,1
4842,1
7895,0
19362,1
29129,0
17977,1
16610,1
10465,1
7372,1
21003,1
21128,1
18435,1
16852,1
27072,1
3272,1
16276,0
23721,0
189,1
18454,1
22961,1
10651,1
29377,1
21747,1
13598,1
23531,1
24616,1
12774,0
9379,0
25328,1
28833,0
19617,1
7070,1
4559,1
6751,1
6570,1
13909,1
16032,1
5163,1
12688,1
25050,0
13828,1
4993,0
27360,1
2361,1
17250,0
10831,1
8479,1
10361,1
29909,1
11862,0
16658,1
14789,0
7439,0
8884,1
20045,1
5445,1
24529,1
13386,1
6059,1
6266,1
19204,1
1819,1
22530,1
29359,1
12185,1
29841,1
25117,0
23830,1
21950,1
15694,1
24008,1
10244,1
18465,1
5729,1
2609,1
27181,1
19326,0
8469,1
18807,0
7064,1
760,1
14087,1
6002,1
2865,1
15345,0
22472,1
17853,1
5890,1
16526,1
26849,1
27304,1
3275,1
24884,1
27163,1
8836,1
23450,1
212,1
22665,1
5171,1
8418,1
21493,1
9159,1
24363,1
15125,1
29436,1
7672,1
26458,1
27184,1
8633,1
14020,1
23124,1
9362,0
18939,1
3494,1
4844,1
14346,1
29904,0
21749,1
16439,1
25999,1
25658,1
19764,1
16261,1
10797,1
10544,1
16143,1
9196,1
13631,0
19289,1
11194,1
11040,1
18563,1
15887,0
14205,1
4263,1
18337,1
22940,0
5562,1
11101,1
25354,1
3126,1
9347,0
15921,1
2182,1
27367,1
29414,1
21838,1
19726,1
7714,1
6730,1
14978,1
17369,0
20928,1
4481,0
17554,1
19463,0
65,1
14991,1
15680,1
24323,1
2400,1
336,1
15423,1
12531,0
3973,1
3279,0
23530,0
24957,1
11310,1
15638,1
21995,1
5493,1
23261,0
24265,1
21254,1
15103,0
1952,0
22149,1
9011,1
2843,1
9098,1
13047,0
6591,1
8912,1
24746,1
24622,1
17253,1
12401,1
3216,1
19244,1
7959,1
5632,1
15875,1
3928,1
21961,1
29225,0
12055,1
16103,1
1624,1
27250,0
27651,1
13291,0
4133,1
13763,1
14055,1
9226,0
25506,1
4510,1
28478,1
25806,1
12856,1
2727,1
18056,1
385,0
12974,1
6312,0
25038,1
20716,1
17430,1
29077,1
11273,1
17306,1
15775,0
24055,1
17057,0
24040,1
16418,1
10538,1
13891,1
13842,1
27945,1
15527,0
964,1
13932,1
1256,0
11633,0
120,1
9500,1
24853,1
25222,1
15059,0
24164,1
16517,1
21867,1
26725,1
6547,1
7747,1
24591,1
1798,1
26435,0
19135,1
9854,1
7196,1
7856,0
10449,1
14846,0
2005,1
25172,1
20822,1
1082,1
1702,0
6845,1
25613,1
22179,1
12104,1
29591,1
5325,0
20838,1
17433,1
5667,1
11402,1
16803,1
14105,1
20168,0
9763,1
4172,1
24909,1
19943,1
11379,1
27674,1
15479,1
193,1
5574,1
29497,1
13020,1
5740,1
362,1
1351,1
29871,1
3709,1
125,1
22187,1
15200,1
8795,1
4064,1
26702,1
3518,1
17891,1
29173,1
14024,1
18021,1
4050,1
349,1
20820,0
12886,0
25263,0
25290,1
17255,1
17240,1
27499,1
17691,1
12445,1
1185,0
16850,1
23059,0
15609,1
5594,1
23506,0
11010,1
8591,1
15793,1
9112,1
27491,1
5795,1
19351,0
29328,1
22891,1
28905,1
10911,1
26776,1
13096,1
28518,0
20659,1
17713,1
29687,0
29631,1
13624,1
3776,1
29715,1
8428,1
25176,1
2943,1
17660,1
21469,0
2205,1
20191,1
8589,1
7142,1
26075,1
16306,1
19609,1
13929,1
29317,1
6247,1
18682,1
27199,1
8377,1
7682,0
20295,1
24107,1
23624,1
14351,1
7841,1
27578,1
473,1
6740,0
22344,1
19634,1
6797,1
1880,1
19629,1
18698,1
14480,1
9385,1
27477,0
123,1
18391,1
22191,1
17650,1
8010,1
17542,1
11386,1
25569,0
3822,1
8838,1
17215,1
20134,1
4836,1
4326,1
23589,1
22326,1
11224,1
23129,1
15461,1
7242,1
15018,1
7693,0
21408,1
4780,0
8509,1
26138,1
20387,1
19378,1
16564,1
8933,0
1642,0
29071,1
1540,1
5990,1
15488,1
22758,0
12145,1
6682,1
20393,1
68,1
20194,1
24374,1
12524,0
22724,1
2059,0
24929,1
27517,1
29990,1
9193,1
21346,1
22503,1
17530,1
19510,1
26042,1
13254,1
8388,0
5566,1
3933,1
13860,0
4514,1
20153,1
5904,1
3760,0
3564,0
27043,0
23859,1
21421,1
831,1
4772,1
19615,0
6646,1
16901,1
1997,1
4147,1
6274,1
18841,1
13939,1
24419,1
12909,0
8011,1
27842,1
28783,0
13832,1
6361,1
5513,0
10944,0
14592,1
10397,1
23950,1
2731,1
22747,1
1353,1
7865,1
22773,1
22968,1
6471,1
24267,1
6893,1
10958,1
2194,0
15102,1
5512,1
21666,0
23958,1
16740,0
86,1
16378,1
1680,1
13085,1
17492,1
10793,1
20843,0
14440,1
24270,1
8723,1
3708,1
5474,1
26709,1
221,1
20085,0
19484,1
9007,1
12281,1
8530,1
10533,1
26370,1
10640,1
7083,0
13839,1
538,1
29830,0
26546,1
19867,1
28909,1
18325,0
7604,1
19526,1
6612,1
26263,1
5894,1
12730,1
1699,0
16382,1
17115,0
2397,1
8181,1
28660,1
6314,1
4903,1
19524,1
9882,0
27903,1
25073,1
15066,1
3091,1
18375,1
14555,1
10171,1
10487,1
22459,1
10662,1
3390,1
15661,1
23411,1
10597,1
7933,1
29170,1
11751,0
12792,0
23490,1
1754,0
22410,1
28514,0
5668,1
21537,1
26969,1
12626,1
3783,1
1098,1
26828,1
13296,1
7158,1
26519,1
20734,1
24593,0
15108,1
8901,1
12432,1
12362,1
26823,1
25483,1
18616,1
26821,1
7724,0
4778,1
5518,1
11819,1
26745,1
4339,1
24125,1
9744,1
8505,1
22388,1
5908,0
26004,1
21788,0
20959,1
12993,1
24286,1
5607,1
26340,0
27270,1
12912,1
5958,1
14997,1
10420,1
17108,0
16814,1
11532,1
20857,1
8691,1
2155,1
28404,1
11305,1
25772,1
22717,1
11585,1
23337,1
9432,1
24497,1
16483,1
17513,1
19373,1
14779,1
26608,0
17195,1
9263,1
21449,0
9739,1
17843,1
1190,1
6808,0
19160,1
9167,0
5767,1
16518,1
23885,0
23012,1
10168,1
23922,1
23837,0
14824,1
9761,1
16393,1
4002,0
21879,1
9189,1
15490,1
20371,1
1158,1
25153,0
17014,1
6324,1
28032,1
2032,0
19670,0
25972,1
18404,1
1666,1
8863,1
15745,1
21638,1
29745,1
18554,1
16226,1
10625,1
7549,1
28172,0
11536,1
3365,0
5089,1
5525,1
26751,1
4728,1
7766,1
3121,1
13844,1
28048,1
17331,1
28757,1
27687,1
23508,0
3523,0
13714,1
16756,1
27585,1
8473,1
9899,1
19853,1
6702,1
2496,1
15480,1
2941,1
11938,1
8417,1
27657,0
16632,1
6104,1
21931,1
13531,0
4808,1
5469,1
8052,1
4833,1
15076,1
28184,1
5967,1
16735,1
17211,1
17974,1
3385,1
12383,1
25256,1
6267,1
3312,1
3665,1
24874,1
16929,1
7989,1
11893,0
9204,1
1153,1
7217,1
12813,1
12051,1
16937,1
21854,1
29038,1
22836,0
20943,1
7615,0
1236,1
7456,1
18731,1
867,1
15561,1
1890,1
8695,1
1420,0
12553,1
28801,1
7759,1
5378,1
12734,1
4294,1
6992,1
27704,1
13798,1
26874,1
18482,1
10589,1
9042,0
4410,0
18286,1
25994,0
8983,1
16485,0
5576,1
9760,1
3812,1
27408,1
24481,0
24115,0
11160,0
25,1
856,0
293,1
12988,1
10516,1
16842,1
3651,1
13748,0
15601,1
28953,1
23743,1
12409,1
14317,0
25145,1
5834,1
10769,0
24482,1
10261,1
12156,1
2505,1
19192,1
25644,1
6013,1
4246,1
5168,1
6327,1
8360,1
11534,1
9817,1
24614,1
27794,0
5578,1
5201,1
8772,1
5693,1
22127,0
25110,1
27691,1
11896,1
20777,1
1248,1
24656,1
23183,1
28014,1
7362,1
22483,1
17323,1
12979,1
10993,0
17494,1
26857,0
8335,1
6079,1
121,1
9616,1
22218,1
6396,1
21949,1
21393,1
7993,1
3263,1
27484,1
6411,1
14049,0
5593,1
13825,1
15971,1
12837,1
20747,0
27535,1
11311,1
6474,0
22637,1
761,1
23130,1
15499,1
21746,0
12415,1
2362,1
8676,0
22241,1
3597,0
17666,1
12189,1
29998,1
20450,0
10450,1
4886,1
29364,1
11425,1
9617,1
7343,0
991,1
24791,1
25036,0
5972,1
10393,0
6335,1
621,1
23803,1
18673,1
16760,1
10970,1
14070,1
2963,1
326,1
13769,0
12293,0
25902,1
29512,1
7131,1
18026,1
21679,1
24488,1
8483,0
4946,1
14148,1
27479,1
11048,0
829,0
1254,1
15599,1
5612,1
9334,1
18562,1
21845,1
20506,0
19451,0
8845,0
19114,0
28723,1
3218,1
4171,1
14065,0
25535,1
20596,0
16309,1
29592,1
15015,1
8767,1
1891,0
9329,0
26872,1
10902,1
1083,1
24375,1
13347,0
18418,1
6976,0
18518,1
18294,1
10756,1
17935,1
24089,1
5567,1
725,1
16300,1
2076,1
16946,1
1091,1
14861,1
24565,1
17265,1
12467,1
9774,1
26381,1
19350,1
6664,1
18499,1
14711,1
18254,1
5923,1
29223,0
1511,0
5314,1
7316,1
25557,1
6281,1
5302,1
164,1
23554,1
28061,1
27390,1
20407,1
9078,1
8295,1
3417,1
3337,1
14426,0
27793,1
9952,1
12223,1
23061,1
16824,1
18804,1
11732,1
6288,1
22358,1
23722,1
6944,1
10163,1
808,1
4925,1
20983,1
12885,1
4010,1
29572,1
816,1
29540,0
19015,1
18464,1
10634,1
3380,1
23019,1
6642,1
8701,1
7576,1
12565,1
5146,0
956,1
29928,0
6187,1
16068,1
6318,1
25323,1
16401,1
9934,0
879,1
24420,1
16009,0
29421,1
21982,1
4286,1
24684,1
11092,1
4739,1
9369,1
8296,0
1700,1
28029,1
3813,1
17507,1
23055,1
19356,1
29710,1
21959,1
19903,1
9940,1
24442,1
11561,1
28308,0
5631,1
24808,1
2490,1
28171,1
1778,1
20681,1
10877,1
13502,1
10251,1
7564,1
11666,1
20256,1
13964,0
2013,1
2159,1
972,1
27619,1
29797,1
16177,1
5714,1
7701,1
3214,1
18651,1
9556,1
22098,1
16766,1
20366,1
29992,1
13776,1
21417,1
4313,1
23709,1
19406,1
263,1
20559,1
12783,0
14213,0
16877,1
20207,1
7653,1
22778,1
